titulo,precio,imagen-src
Pantalones de sarga «paperbag»,"11,00€",https://cdn.media.amplience.net/i/primark/991091593528_03
Vaqueros con tirantes,"10,00€",https://cdn.media.amplience.net/i/primark/991082181505_01
Cárdigan de punto con botones,"10,00€",https://cdn.media.amplience.net/i/primark/991068694002_03
Pack de 7 bodis de manga corta con estampado de frutas,"11,00€",https://cdn.media.amplience.net/i/primark/991052890414_03
Cárdigan con botones y textura,"10,00€",https://cdn.media.amplience.net/i/primark/991070068706_03
Chaleco acolchado con botones a presión,"11,00€",https://cdn.media.amplience.net/i/primark/991089648414_03
Pack de 2 pantalones cortos con cordón de ajuste,"10,00€",https://cdn.media.amplience.net/i/primark/991087240505_03
Camisa de manga larga a rayas,"7,00€",https://cdn.media.amplience.net/i/primark/991085383108_01
Jersey de punto con cuello redondo,"10,00€",https://cdn.media.amplience.net/i/primark/991085388505_01
Set de baño de Mickey Mouse y Donald de Disney,"12,00€",https://cdn.media.amplience.net/i/primark/991089935505_03
Bañador de sirsaca,"5,00€",https://cdn.media.amplience.net/i/primark/991089968352_03
Chaqueta acolchada con capucha y estampado gráfico,"11,00€",https://cdn.media.amplience.net/i/primark/991070624505_01
Polo a rayas,"8,00€",https://cdn.media.amplience.net/i/primark/991085157528_03
Pantalones chinos con bajos vueltos,"8,00€",https://cdn.media.amplience.net/i/primark/991085793112_03
Set de sudadera y joggers «Weekend Vibes»,"13,00€",https://cdn.media.amplience.net/i/primark/991085239706_01
Set de sudadera acolchada y joggers Los Vengadores,"16,00€",https://cdn.media.amplience.net/i/primark/991079287935_03
Joggers vaqueros panelados,"7,00€",https://cdn.media.amplience.net/i/primark/991085390504_01
Pijama de felpa de El Rey León de Disney,"7,00€",https://cdn.media.amplience.net/i/primark/991074671528_01
Chaqueta bómber bordada,"16,00€",https://cdn.media.amplience.net/i/primark/991085884108_01
Joggers vaqueros con cordón de ajuste,"7,00€",https://cdn.media.amplience.net/i/primark/991080941804_01
Pijama de velvetón con dinosaurio,"5,50€",https://cdn.media.amplience.net/i/primark/991070184528_03
Camisa vaquera con botones,"8,00€",https://cdn.media.amplience.net/i/primark/991081159505_03
Jeggings de pernera cónica,"8,00€",https://cdn.media.amplience.net/i/primark/991087225510_01
Sudadera y joggers del Pato Donald de Disney,"14,00€",https://cdn.media.amplience.net/i/primark/991090084935_01
Pantalón cargo con bajos ajustados,"11,00€",https://cdn.media.amplience.net/i/primark/991080963612_01
Camisa Oxford de manga larga,"7,00€",https://cdn.media.amplience.net/i/primark/991085406002_03
Pantalones cortos chinos con bajos vueltos,"7,00€",https://cdn.media.amplience.net/i/primark/991087261528_03
Pack de 5 bodis de manga larga surtidos,"8,00€",https://cdn.media.amplience.net/i/primark/991072535505_03
Camiseta de estilo rugby a rayas,"8,00€",https://cdn.media.amplience.net/i/primark/991079322514_01
Conjunto de sudadera con capucha y joggers,"11,00€",https://cdn.media.amplience.net/i/primark/991085155505_01
Pack de 2 pijamas de Lilo & Stitch de Disney,"12,00€",https://cdn.media.amplience.net/i/primark/991074830505_03
Pack de 7 bodys estampados,"11,00€",https://cdn.media.amplience.net/i/primark/991068690505_03
Sudadera con capucha y cremallera,"6,00€",https://cdn.media.amplience.net/i/primark/991090281414_03
Sudadera bordada de cuello redondo,"8,00€",https://cdn.media.amplience.net/i/primark/991087599114_01
"Set de sudadera y joggers de Los Vengadores, Marvel","16,00€",https://cdn.media.amplience.net/i/primark/991079269935_01
Conjunto de sudadera con capucha y joggers,"11,00€",https://cdn.media.amplience.net/i/primark/991085155352_03
"Set de camisa-chaqueta, camiseta y pantalones","21,00€",https://cdn.media.amplience.net/i/primark/991080875514_01
Set de sudadera y joggers a juego de Disney,"11,00€",https://cdn.media.amplience.net/i/primark/991084918108_03
Jersey de punto con cuello chimenea,"10,00€",https://cdn.media.amplience.net/i/primark/991085409260_01